fileName,directoryPath,threatTypes,tags,name,description,confidence,revoked,validFrom,validUntil,tlpLevel,severity,filehash:md5,filehash:md6,filehash:ripemd-160,filehash:sha-1,filehash:sha-224,filehash:sha-256,filehash:sha-384,filehash:sha-512,filehash:sha3-224,filehash:sha3-256,filehash:sha3-384,filehash:sha3-512,filehash:ssdeep,filehash:whirlpool
,,,,Black Lotus Hash1,,,,2023-03-08T15:30:00Z,,,,,,,16B12CEA54360AA42E1120E82C1E9BC0371CB635,,,,,,,,,,
,,,,Black Lotus Hash2,,,,2023-03-08T15:30:00Z,,,,,,,D82539BFC2CC7CB504BE74AC74DF696B13DB486A,,,,,,,,,,
,,,,Black Lotus Hash3,,,,2023-03-08T15:30:00Z,,,,,,,FFF4F28287677CAABC60C8AB36786C370226588D,,,,,,,,,,
,,,,Black Lotus Hash4,,,,2023-03-08T15:30:00Z,,,,,,,6D8CEE28DA8BCF25A4D232FEB0810452ACADA11D,,,,,,,,,,
,,,,Black Lotus Hash5,,,,2023-03-08T15:30:00Z,,,,,,,DAE7E7C4EEC2AC0DC7963C44A5A4F47D930C5508,,,,,,,,,,
,,,,Black Lotus Hash6,,,,2023-03-08T15:30:00Z,,,,,,,2CE056AE323B0380B0E87225EA0AE087A33CD316,,,,,,,,,,
,,,,Black Lotus Hash7,,,,2023-03-08T15:30:00Z,,,,,,,1F3799FED3CF43254FE30DCDFDB8DC02D82E662B,,,,,,,,,,
,,,,Black Lotus Hash8,,,,2023-03-08T15:30:00Z,,,,,,,4B882748FAF2C6C360884C6812DD5BCBCE75EBFF,,,,,,,,,,
,,,,Black Lotus Hash9,,,,2023-03-08T15:30:00Z,,,,,,,994DC79255AEB662A672A1814280DE73D405617A,,,,,,,,,,
,,,,Black Lotus Hash10,,,,2023-03-08T15:30:00Z,,,,,,,45701A83DEC1DC71A48268C9D6D205F31D9E7FFB,,,,,,,,,,
,,,,Black Lotus Hash11,,,,2023-03-08T15:30:00Z,,,,,,,5A0074203ABD5DEB464BA0A79E14B7541A033216,,,,,,,,,,
,,,,Black Lotus Hash12,,,,2023-03-08T15:30:00Z,,,,,,,ADCEEC18FF009BED635D168E0B116E72096F18D2,,,,,,,,,,
,,,,Black Lotus Hash13,,,,2023-03-08T15:30:00Z,,,,,,,547FAA2D64B85BF883955B723B07635C0A09326B,,,,,,,,,,
,,,,Black Lotus Hash14,,,,2023-03-08T15:30:00Z,,,,,,,0E6DD7110C38464ECAA55EE4E2FA303ADA0EDEFB,,,,,,,,,,
,,,,Black Lotus Hash15,,,,2023-03-08T15:30:00Z,,,,,,,91F832F46E4C38ECC9335460D46F6F71352CFFED,,,,,,,,,,
,,,,Black Lotus Hash16,,,,2023-03-08T15:30:00Z,,,,,,,A5A530A91100ED5F07A5D74698B15C646DD44E16,,,,,,,,,,
,,,,Black Lotus Hash17,,,,2023-03-08T15:30:00Z,,,,,,,D1BBAA3D408E944C70B3815471EED7FA9AEE6425,,,,,,,,,,
,,,,Black Lotus Hash18,,,,2023-03-08T15:30:00Z,,,,,,,97AEC21042DF47D39AC212761729C6BE484D064D,,,,,,,,,,
,,,,Black Lotus Hash19,,,,2023-03-08T15:30:00Z,,,,,,,C8E6BF8B6FDA161BBFA5470BCC262B1BDC92A359,,,,,,,,,,
,,,,Black Lotus Hash20,,,,2023-03-08T15:30:00Z,,,,,,,5DC9CBD75ABD830E83641A0265BFFDDD2F602815,,,,,,,,,,
,,,,Black Lotus Hash21,,,,2023-03-08T15:30:00Z,,,,,,,0C0E78BF97116E781DDE0E00A1CD0C29E68D623D,,,,,,,,,,
,,,,Black Lotus Hash22,,,,2023-03-08T15:30:00Z,,,,,,,71559C3E2F3950D4EE016F24CA54DA17D28B9D82,,,,,,,,,,
,,,,Black Lotus Hash23,,,,2023-03-08T15:30:00Z,,,,,,,164BB587109CFB20824303AD1609A65ABB36C3E9,,,,,,,,,,
,,,,Black Lotus Hash24,,,,2023-03-08T15:30:00Z,,,,,,,74FF58FCE8F19083D16DF0109DC91D78C94342FA,,,,,,,,,,
,,,,Black Lotus Hash25,,,,2023-03-08T15:30:00Z,,,,,,,DBC064F757C69EC43517EFF496146B43CBA949D1,,,,,,,,,,
,,,,Black Lotus Hash26,,,,2023-03-08T15:30:00Z,,,,,,,D6D3F3151B188A9DA62DEB95EA1D1ABEFF257914,,,,,,,,,,
,,,,Black Lotus Hash27,,,,2023-03-08T15:30:00Z,,,,,,,05846D5B1D37EE2D716140DE4F4F984CF1E631D1,,,,,,,,,,
,,,,Black Lotus Hash28,,,,2023-03-08T15:30:00Z,,,,,,,111C4998F3264617A7A9D9BF662D4B1577445B20,,,,,,,,,,
,,,,Black Lotus Hash29,,,,2023-03-08T15:30:00Z,,,,,,,D6BB89D8734B3E49725362DAE9A868AE681E8BD6,,,,,,,,,,
,,,,Black Lotus Hash30,,,,2023-03-08T15:30:00Z,,,,,,,06AF3016ACCDB3DFE1C23657BF1BF91C13BAA757,,,,,,,,,,
,,,,Black Lotus Hash31,,,,2023-03-08T15:30:00Z,,,,,,,ACC74217CBE3F2E727A826B34BDE482DCAE15BE6,,,,,,,,,,
,,,,Black Lotus Hash32,,,,2023-03-08T15:30:00Z,,,,,,,17FA047C1F979B180644906FE9265F21AF5B0509,,,,,,,,,,
